{"cameraMode":{"drawMode":0,"name":"Shaded","section":"Shading Mode"},"sceneLighting":true,"audioPlay":false,"sceneViewState":{"showFog":true,"showMaterialUpdate":false,"showSkybox":true,"showFlares":true,"showImageEffects":true,"showParticleSystems":true},"in2DMode":false,"pivot":{"x":-0.6113706827163696,"y":-0.9816508293151856,"z":3.953164577484131},"rotation":{"x":-0.20166008174419404,"y":0.19594819843769074,"z":-0.041215792298316959,"w":-0.9587739706039429},"size":3.156949758529663,"orthographic":false}