{"cameraMode":{"drawMode":0,"name":"Shaded","section":"Shading Mode"},"sceneLighting":false,"audioPlay":false,"sceneViewState":{"showFog":true,"showMaterialUpdate":false,"showSkybox":false,"showFlares":true,"showImageEffects":true,"showParticleSystems":true},"in2DMode":false,"pivot":{"x":-0.07957389950752258,"y":-0.24895839393138886,"z":1.776445984840393},"rotation":{"x":-0.08271514624357224,"y":-0.000900187820661813,"z":0.00007483010995201766,"w":-0.9965732097625732},"size":1.4734911918640137,"orthographic":false}