{"cameraMode":{"drawMode":0,"name":"Shaded","section":"Shading Mode"},"sceneLighting":true,"audioPlay":false,"sceneViewState":{"showFog":true,"showMaterialUpdate":false,"showSkybox":true,"showFlares":true,"showImageEffects":true,"showParticleSystems":true},"in2DMode":false,"pivot":{"x":19.476673126220704,"y":-8.48009204864502,"z":35.96013259887695},"rotation":{"x":0.19196967780590058,"y":0.1439882218837738,"z":-0.02848847396671772,"w":0.970370888710022},"size":27.202241897583009,"orthographic":false}