{"cameraMode":{"drawMode":0,"name":"Shaded","section":"Shading Mode"},"sceneLighting":true,"audioPlay":false,"sceneViewState":{"showFog":true,"showMaterialUpdate":false,"showSkybox":true,"showFlares":true,"showImageEffects":true,"showParticleSystems":true},"in2DMode":false,"pivot":{"x":10.256725311279297,"y":-16.58576774597168,"z":18.184066772460939},"rotation":{"x":-0.346051961183548,"y":0.23918397724628449,"z":-0.09148717671632767,"w":-0.9027807712554932},"size":31.752138137817384,"orthographic":false}