{"cameraMode":{"drawMode":0,"name":"Shaded","section":"Shading Mode"},"sceneLighting":true,"audioPlay":false,"sceneViewState":{"showFog":true,"showMaterialUpdate":false,"showSkybox":true,"showFlares":true,"showImageEffects":true,"showParticleSystems":true},"in2DMode":false,"pivot":{"x":1.99904203414917,"y":0.9042986631393433,"z":-0.10462093353271485},"rotation":{"x":0.11624044179916382,"y":0.6855814456939697,"z":-0.11226446181535721,"w":0.7098673582077026},"size":3.6073946952819826,"orthographic":false}