{"cameraMode":{"drawMode":0,"name":"Shaded","section":"Shading Mode"},"sceneLighting":false,"audioPlay":false,"sceneViewState":{"showFog":true,"showMaterialUpdate":false,"showSkybox":false,"showFlares":true,"showImageEffects":true,"showParticleSystems":true},"in2DMode":false,"pivot":{"x":0.00652623176574707,"y":2.7743687629699709,"z":-0.3523402214050293},"rotation":{"x":-0.3115379512310028,"y":0.025276891887187959,"z":-0.007678873371332884,"w":-0.9501835107803345},"size":3.5528900623321535,"orthographic":false}