{"cameraMode":{"drawMode":0,"name":"Shaded","section":"Shading Mode"},"sceneLighting":true,"audioPlay":false,"sceneViewState":{"showFog":true,"showMaterialUpdate":false,"showSkybox":true,"showFlares":true,"showImageEffects":true,"showParticleSystems":true},"in2DMode":false,"pivot":{"x":15.435407638549805,"y":11.208544731140137,"z":-2.3240535259246828},"rotation":{"x":-0.46998777985572817,"y":0.02483193762600422,"z":-0.012741497717797757,"w":-0.8825753927230835},"size":11.178765296936036,"orthographic":false}