{"cameraMode":{"drawMode":0,"name":"Shaded","section":"Shading Mode"},"sceneLighting":false,"audioPlay":false,"sceneViewState":{"showFog":true,"showMaterialUpdate":false,"showSkybox":false,"showFlares":true,"showImageEffects":true,"showParticleSystems":true},"in2DMode":false,"pivot":{"x":0.43209466338157656,"y":0.7117119431495667,"z":0.9461668729782105},"rotation":{"x":-0.03868011385202408,"y":0.007489638403058052,"z":0.0002866260183509439,"w":0.9992510676383972},"size":1.320617914199829,"orthographic":false}