{"cameraMode":{"drawMode":0,"name":"Shaded","section":"Shading Mode"},"sceneLighting":true,"audioPlay":false,"sceneViewState":{"showFog":true,"showMaterialUpdate":false,"showSkybox":true,"showFlares":true,"showImageEffects":true,"showParticleSystems":true},"in2DMode":false,"pivot":{"x":20.24168586730957,"y":-2.499185562133789,"z":16.236013412475587},"rotation":{"x":0.36772769689559939,"y":-0.007393692620098591,"z":0.0026057271752506496,"w":0.9301156997680664},"size":21.843706130981447,"orthographic":false}