{"cameraMode":{"drawMode":0,"name":"Shaded","section":"Shading Mode"},"sceneLighting":false,"audioPlay":false,"sceneViewState":{"showFog":true,"showMaterialUpdate":false,"showSkybox":false,"showFlares":true,"showImageEffects":true,"showParticleSystems":true},"in2DMode":false,"pivot":{"x":1.1316184997558594,"y":1.6327464580535889,"z":1.7470036745071412},"rotation":{"x":0.0897560864686966,"y":-0.8034242987632752,"z":0.1253807544708252,"w":0.5751420855522156},"size":0.8660253882408142,"orthographic":false}