{"cameraMode":{"drawMode":0,"name":"Shaded","section":"Shading Mode"},"sceneLighting":true,"audioPlay":false,"sceneViewState":{"showFog":true,"showMaterialUpdate":false,"showSkybox":true,"showFlares":true,"showImageEffects":true,"showParticleSystems":true},"in2DMode":false,"pivot":{"x":161.3465118408203,"y":-265.62774658203127,"z":332.3924255371094},"rotation":{"x":0.3101726472377777,"y":0.19492919743061067,"z":-0.06513875722885132,"w":0.9281983971595764},"size":243.32252502441407,"orthographic":false}