{"cameraMode":{"drawMode":0,"name":"Shaded","section":"Shading Mode"},"sceneLighting":true,"audioPlay":false,"sceneViewState":{"showFog":true,"showMaterialUpdate":false,"showSkybox":true,"showFlares":true,"showImageEffects":true,"showParticleSystems":true},"in2DMode":false,"pivot":{"x":11.125690460205079,"y":12.057117462158204,"z":-12.331618309020996},"rotation":{"x":-0.2714405059814453,"y":-0.004746492952108383,"z":0.00194119056686759,"w":-0.962754487991333},"size":13.651235580444336,"orthographic":false}