{"cameraMode":{"drawMode":0,"name":"Shaded","section":"Shading Mode"},"sceneLighting":false,"audioPlay":false,"sceneViewState":{"showFog":true,"showMaterialUpdate":false,"showSkybox":false,"showFlares":true,"showImageEffects":true,"showParticleSystems":true},"in2DMode":false,"pivot":{"x":-1.2327089309692383,"y":-0.0916689783334732,"z":1.156418800354004},"rotation":{"x":0.0073996735736727718,"y":-0.32120633125305178,"z":0.002499318914487958,"w":0.9470052123069763},"size":1.6347910165786744,"orthographic":false}