{"cameraMode":{"drawMode":0,"name":"Shaded","section":"Shading Mode"},"sceneLighting":true,"audioPlay":false,"sceneViewState":{"showFog":true,"showMaterialUpdate":false,"showSkybox":true,"showFlares":true,"showImageEffects":true,"showParticleSystems":true},"in2DMode":false,"pivot":{"x":2.1982474327087404,"y":-0.11082851886749268,"z":0.14481687545776368},"rotation":{"x":0.11296074837446213,"y":0.7855378985404968,"z":-0.15050750970840455,"w":0.5895192623138428},"size":3.947387933731079,"orthographic":false}