{"cameraMode":{"drawMode":0,"name":"Shaded","section":"Shading Mode"},"sceneLighting":true,"audioPlay":false,"sceneViewState":{"showFog":true,"showMaterialUpdate":false,"showSkybox":true,"showFlares":true,"showImageEffects":true,"showParticleSystems":true},"in2DMode":false,"pivot":{"x":-2.120913505554199,"y":-1.7818365097045899,"z":5.597932815551758},"rotation":{"x":-0.28553828597068789,"y":-0.04354313015937805,"z":0.013524177484214306,"w":-0.9575981497764587},"size":13.651235580444336,"orthographic":false}