{"cameraMode":{"drawMode":0,"name":"Shaded","section":"Shading Mode"},"sceneLighting":true,"audioPlay":false,"sceneViewState":{"showFog":true,"showMaterialUpdate":false,"showSkybox":true,"showFlares":true,"showImageEffects":true,"showParticleSystems":true},"in2DMode":false,"pivot":{"x":10.784667015075684,"y":1.015988826751709,"z":24.41733169555664},"rotation":{"x":-0.1391795426607132,"y":0.05887608975172043,"z":-0.007819201797246933,"w":-0.9887905120849609},"size":26.418994903564454,"orthographic":false}