{"cameraMode":{"drawMode":0,"name":"Shaded","section":"Shading Mode"},"sceneLighting":true,"audioPlay":false,"sceneViewState":{"showFog":true,"showMaterialUpdate":false,"showSkybox":true,"showFlares":true,"showImageEffects":true,"showParticleSystems":true},"in2DMode":false,"pivot":{"x":-0.326587438583374,"y":0.8910906314849854,"z":0.702960729598999},"rotation":{"x":0.04968878999352455,"y":0.8974664211273193,"z":-0.10601431876420975,"w":0.4259752631187439},"size":1.3243732452392579,"orthographic":false}