{"cameraMode":{"drawMode":0,"name":"Shaded","section":"Shading Mode"},"sceneLighting":true,"audioPlay":false,"sceneViewState":{"showFog":true,"showMaterialUpdate":false,"showSkybox":false,"showFlares":true,"showImageEffects":true,"showParticleSystems":true},"in2DMode":false,"pivot":{"x":-3.0699996948242189,"y":1.440000057220459,"z":-10.449999809265137},"rotation":{"x":-0.22540174424648286,"y":-0.20199477672576905,"z":0.047827571630477908,"w":-0.9519398808479309},"size":11.190779685974121,"orthographic":false}