{"cameraMode":{"drawMode":0,"name":"Shaded","section":"Shading Mode"},"sceneLighting":true,"audioPlay":false,"sceneViewState":{"showFog":true,"showMaterialUpdate":false,"showSkybox":true,"showFlares":true,"showImageEffects":true,"showParticleSystems":true},"in2DMode":false,"pivot":{"x":-6.342785835266113,"y":-1.628819465637207,"z":-7.593539237976074},"rotation":{"x":-0.46612927317619326,"y":-0.008361897431313992,"z":0.004719329997897148,"w":-0.8849349617958069},"size":8.17924976348877,"orthographic":false}