{"cameraMode":{"drawMode":0,"name":"Shaded","section":"Shading Mode"},"sceneLighting":false,"audioPlay":false,"sceneViewState":{"showFog":true,"showMaterialUpdate":false,"showSkybox":false,"showFlares":true,"showImageEffects":true,"showParticleSystems":true},"in2DMode":false,"pivot":{"x":3.196131706237793,"y":0.5014758706092835,"z":3.927096366882324},"rotation":{"x":0.02127249911427498,"y":0.3253805637359619,"z":-0.007323510479182005,"w":0.9453195333480835},"size":3.288881778717041,"orthographic":false}