{"cameraMode":{"drawMode":0,"name":"Shaded","section":"Shading Mode"},"sceneLighting":true,"audioPlay":false,"sceneViewState":{"showFog":true,"showMaterialUpdate":false,"showSkybox":false,"showFlares":true,"showImageEffects":true,"showParticleSystems":true},"in2DMode":false,"pivot":{"x":-3.0699996948242189,"y":1.440000057220459,"z":-10.449999809265137},"rotation":{"x":0.29292571544647219,"y":0.014639223925769329,"z":-0.004483579657971859,"w":0.9560467004776001},"size":11.190779685974121,"orthographic":false}