{"cameraMode":{"drawMode":0,"name":"Shaded","section":"Shading Mode"},"sceneLighting":true,"audioPlay":false,"sceneViewState":{"showFog":true,"showMaterialUpdate":false,"showSkybox":true,"showFlares":true,"showImageEffects":true,"showParticleSystems":true},"in2DMode":false,"pivot":{"x":17.841785430908204,"y":-9.167631149291993,"z":1.9534053802490235},"rotation":{"x":-0.4323926866054535,"y":-0.1245632916688919,"z":0.060453642159700397,"w":-0.8910014033317566},"size":28.623931884765626,"orthographic":false}