{"cameraMode":{"drawMode":0,"name":"Shaded","section":"Shading Mode"},"sceneLighting":true,"audioPlay":false,"sceneViewState":{"showFog":true,"showMaterialUpdate":false,"showSkybox":false,"showFlares":true,"showImageEffects":true,"showParticleSystems":true},"in2DMode":false,"pivot":{"x":-18.049999237060548,"y":10.260000228881836,"z":-0.7599999904632568},"rotation":{"x":0.32562726736068728,"y":0.027236532419919969,"z":-0.009382910095155239,"w":0.9450816512107849},"size":10.0,"orthographic":false}