{"cameraMode":{"drawMode":0,"name":"Shaded","section":"Shading Mode"},"sceneLighting":true,"audioPlay":false,"sceneViewState":{"showFog":true,"showMaterialUpdate":false,"showSkybox":true,"showFlares":true,"showImageEffects":true,"showParticleSystems":true},"in2DMode":false,"pivot":{"x":6.002512454986572,"y":-11.720855712890625,"z":-1.4176912307739258},"rotation":{"x":0.4664236903190613,"y":0.36546605825424197,"z":-0.21996945142745973,"w":0.7749277353286743},"size":18.56240463256836,"orthographic":false}