{"cameraMode":{"drawMode":0,"name":"Shaded","section":"Shading Mode"},"sceneLighting":false,"audioPlay":false,"sceneViewState":{"showFog":true,"showMaterialUpdate":false,"showSkybox":false,"showFlares":true,"showImageEffects":true,"showParticleSystems":true},"in2DMode":false,"pivot":{"x":-0.04887688159942627,"y":-0.27611637115478518,"z":0.27485430240631106},"rotation":{"x":-0.1060665100812912,"y":-0.1917427033185959,"z":0.020867515355348588,"w":-0.9755004048347473},"size":1.1215910911560059,"orthographic":false}