{"cameraMode":{"drawMode":0,"name":"Shaded","section":"Shading Mode"},"sceneLighting":true,"audioPlay":false,"sceneViewState":{"showFog":true,"showMaterialUpdate":false,"showSkybox":true,"showFlares":true,"showImageEffects":true,"showParticleSystems":true},"in2DMode":false,"pivot":{"x":9.935894966125489,"y":1.2941856384277344,"z":7.666117191314697},"rotation":{"x":0.3435409665107727,"y":-0.3975273072719574,"z":0.16354358196258546,"w":0.8350146412849426},"size":8.47728157043457,"orthographic":false}