{"cameraMode":{"drawMode":0,"name":"Shaded","section":"Shading Mode"},"sceneLighting":true,"audioPlay":false,"sceneViewState":{"showFog":true,"showMaterialUpdate":false,"showSkybox":true,"showFlares":true,"showImageEffects":true,"showParticleSystems":true},"in2DMode":false,"pivot":{"x":0.6378803253173828,"y":2.4764623641967775,"z":9.207796096801758},"rotation":{"x":-0.2394096553325653,"y":0.2745085060596466,"z":-0.07075592875480652,"w":-0.9286403656005859},"size":11.42141056060791,"orthographic":false}