{"cameraMode":{"drawMode":0,"name":"Shaded","section":"Shading Mode"},"sceneLighting":false,"audioPlay":false,"sceneViewState":{"showFog":true,"showMaterialUpdate":false,"showSkybox":false,"showFlares":true,"showImageEffects":true,"showParticleSystems":true},"in2DMode":false,"pivot":{"x":-6.941165924072266,"y":2.305103302001953,"z":10.415714263916016},"rotation":{"x":-0.12401104718446732,"y":0.6628918647766113,"z":-0.11262292414903641,"w":-0.7297655940055847},"size":26.643373489379884,"orthographic":false}